FlightNumber,Date,BoosterVersion,PayloadMass,Orbit,LaunchSite,Outcome,Flights,GridFins,Reused,Legs,LandingPad,Block,ReusedCount,Serial,Longitude,Latitude
1,2006-03-24,Falcon 9,6104.952055,LEO,CCSFS SLC 40,None None,1,False,False,False,,5.0,1,5e9e289df35918033d3b2623,-80.577366,28.5618571
2,2007-03-21,Falcon 9,6104.952055,LEO,CCSFS SLC 40,None None,1,False,False,False,,5.0,1,5e9e289ef35918416a3b2624,-80.577366,28.5618571
3,2008-09-28,Falcon 9,6104.952055,LEO,CCSFS SLC 40,None None,1,False,False,False,,5.0,1,5e9e289ef3591855dc3b2626,-80.577366,28.5618571
4,2009-07-13,Falcon 9,6104.952055,LEO,CCSFS SLC 40,None None,1,False,False,False,,5.0,1,5e9e289ef359184f103b2627,-80.577366,28.5618571
5,2010-06-04,Falcon 9,6104.952055,LEO,CCSFS SLC 40,None None,1,False,False,False,,5.0,1,5e9e289ef359185f2b3b2628,-80.577366,28.5618571
6,2012-05-22,Falcon 9,6104.952055,LEO,CCSFS SLC 40,None None,1,False,False,False,,5.0,1,5e9e289ef35918f39c3b262a,-80.577366,28.5618571
7,2013-03-01,Falcon 9,6104.952055,LEO,CCSFS SLC 40,None None,1,False,False,False,,5.0,1,5e9e289ff3591884e03b262c,-80.577366,28.5618571
8,2013-09-29,Falcon 9,6104.952055,LEO,CCSFS SLC 40,False Ocean,1,False,False,False,,5.0,1,5e9e289ff359180ae23b262d,-80.577366,28.5618571
9,2013-12-03,Falcon 9,6104.952055,LEO,CCSFS SLC 40,None None,1,False,False,False,,5.0,1,5e9e289ff35918862c3b262e,-80.577366,28.5618571
10,2014-01-06,Falcon 9,6104.952055,LEO,CCSFS SLC 40,None None,1,False,False,False,,5.0,1,5e9e289ff3591878603b262f,-80.577366,28.5618571
11,2014-04-18,Falcon 9,6104.952055,LEO,CCSFS SLC 40,True Ocean,1,False,False,True,,5.0,1,5e9e289ff3591829343b2630,-80.577366,28.5618571
12,2014-07-14,Falcon 9,6104.952055,LEO,CCSFS SLC 40,True Ocean,1,False,False,True,,5.0,1,5e9e28a0f3591870a63b2631,-80.577366,28.5618571
13,2014-08-05,Falcon 9,6104.952055,LEO,CCSFS SLC 40,None None,1,False,False,False,,5.0,1,5e9e28a0f359186e2e3b2632,-80.577366,28.5618571
14,2014-09-07,Falcon 9,6104.952055,LEO,CCSFS SLC 40,None None,1,False,False,False,,5.0,1,5e9e28a0f35918b1bc3b2633,-80.577366,28.5618571
15,2014-09-21,Falcon 9,6104.952055,LEO,CCSFS SLC 40,False Ocean,1,False,False,False,,5.0,1,5e9e28a0f359184a683b2634,-80.577366,28.5618571
16,2015-01-10,Falcon 9,6104.952055,LEO,CCSFS SLC 40,False ASDS,1,True,False,True,5e9e3032383ecb761634e7cb,5.0,1,5e9e28a0f359187a3c3b2635,-80.577366,28.5618571
17,2015-02-11,Falcon 9,6104.952055,LEO,CCSFS SLC 40,True Ocean,1,True,False,True,,5.0,1,5e9e28a0f3591885be3b2636,-80.577366,28.5618571
18,2015-04-14,Falcon 9,6104.952055,LEO,CCSFS SLC 40,False ASDS,1,True,False,True,5e9e3032383ecb761634e7cb,5.0,1,5e9e28a1f359186d533b2638,-80.577366,28.5618571
19,2015-04-27,Falcon 9,6104.952055,LEO,CCSFS SLC 40,None None,1,False,False,False,,5.0,1,5e9e28a1f35918233f3b2639,-80.577366,28.5618571
20,2015-06-28,Falcon 9,6104.952055,LEO,CCSFS SLC 40,None ASDS,1,True,False,True,5e9e3032383ecb6bb234e7ca,5.0,1,5e9e28a1f35918683c3b263a,-80.577366,28.5618571
21,2015-12-22,Falcon 9,6104.952055,LEO,CCSFS SLC 40,True RTLS,1,True,False,True,5e9e3032383ecb267a34e7c7,5.0,1,5e9e28a1f3591867753b263b,-80.577366,28.5618571
22,2016-01-17,Falcon 9,6104.952055,LEO,CCSFS SLC 40,False ASDS,1,True,False,True,5e9e3033383ecbb9e534e7cc,5.0,1,5e9e28a1f3591842fa3b263c,-80.577366,28.5618571
23,2016-03-04,Falcon 9,6104.952055,LEO,CCSFS SLC 40,False ASDS,1,True,False,True,5e9e3032383ecb6bb234e7ca,5.0,1,5e9e28a1f359188def3b263d,-80.577366,28.5618571
24,2016-04-08,Falcon 9,6104.952055,LEO,CCSFS SLC 40,True ASDS,1,True,False,True,5e9e3032383ecb6bb234e7ca,5.0,1,5e9e28a2f359182d0b3b263e,-80.577366,28.5618571
25,2016-05-06,Falcon 9,6104.952055,LEO,CCSFS SLC 40,True ASDS,1,True,False,True,5e9e3032383ecb6bb234e7ca,5.0,1,5e9e28a2f35918077b3b263f,-80.577366,28.5618571
26,2016-05-27,Falcon 9,6104.952055,LEO,CCSFS SLC 40,True ASDS,1,True,False,True,5e9e3032383ecb6bb234e7ca,5.0,1,5e9e28a2f3591845c73b2640,-80.577366,28.5618571
27,2016-07-18,Falcon 9,6104.952055,LEO,CCSFS SLC 40,True RTLS,1,True,False,True,5e9e3032383ecb267a34e7c7,5.0,1,5e9e28a2f359187f273b2642,-80.577366,28.5618571
28,2016-08-14,Falcon 9,6104.952055,LEO,CCSFS SLC 40,True ASDS,1,True,False,True,5e9e3032383ecb6bb234e7ca,5.0,1,5e9e28a2f35918b8243b2643,-80.577366,28.5618571
29,2016-09-01,Falcon 9,6104.952055,LEO,CCSFS SLC 40,None ASDS,1,True,False,True,5e9e3032383ecb6bb234e7ca,5.0,1,5e9e28a2f359187ee83b2644,-80.577366,28.5618571
30,2017-01-14,Falcon 9,6104.952055,LEO,CCSFS SLC 40,True ASDS,1,True,False,True,5e9e3033383ecbb9e534e7cc,5.0,1,5e9e28a3f359189e3a3b2645,-80.577366,28.5618571
31,2017-02-19,Falcon 9,6104.952055,LEO,CCSFS SLC 40,True RTLS,1,True,False,True,5e9e3032383ecb267a34e7c7,5.0,1,5e9e28a3f3591829dc3b2646,-80.577366,28.5618571
32,2017-03-16,Falcon 9,6104.952055,LEO,CCSFS SLC 40,None None,1,False,False,False,,5.0,1,5e9e28a3f3591878473b2647,-80.577366,28.5618571
33,2017-03-30,Falcon 9,6104.952055,LEO,CCSFS SLC 40,True ASDS,2,True,True,True,5e9e3032383ecb6bb234e7ca,5.0,1,5e9e28a2f359182d0b3b263e,-80.577366,28.5618571
34,2017-05-01,Falcon 9,6104.952055,LEO,CCSFS SLC 40,True RTLS,1,True,False,True,5e9e3032383ecb267a34e7c7,5.0,1,5e9e28a3f3591811f83b2648,-80.577366,28.5618571
35,2017-05-15,Falcon 9,6104.952055,LEO,CCSFS SLC 40,None None,1,False,False,False,,5.0,1,5e9e28a3f359186f3f3b2649,-80.577366,28.5618571
36,2017-06-03,Falcon 9,6104.952055,LEO,CCSFS SLC 40,True RTLS,1,True,False,True,5e9e3032383ecb267a34e7c7,5.0,1,5e9e28a3f3591856803b264a,-80.577366,28.5618571
37,2017-06-23,Falcon 9,6104.952055,LEO,CCSFS SLC 40,True ASDS,2,True,True,True,5e9e3032383ecb6bb234e7ca,5.0,1,5e9e28a3f359189e3a3b2645,-80.577366,28.5618571
38,2017-06-25,Falcon 9,6104.952055,LEO,CCSFS SLC 40,True ASDS,1,True,False,True,5e9e3033383ecbb9e534e7cc,5.0,1,5e9e28a3f3591801cf3b264b,-80.577366,28.5618571
39,2017-07-05,Falcon 9,6104.952055,LEO,CCSFS SLC 40,None None,1,False,False,False,,5.0,1,5e9e28a4f3591850cc3b264c,-80.577366,28.5618571
40,2017-08-14,Falcon 9,6104.952055,LEO,CCSFS SLC 40,True RTLS,1,True,False,True,5e9e3032383ecb267a34e7c7,5.0,1,5e9e28a4f3591884ee3b264d,-80.577366,28.5618571
41,2017-08-24,Falcon 9,6104.952055,LEO,CCSFS SLC 40,True ASDS,1,True,False,True,5e9e3033383ecbb9e534e7cc,5.0,1,5e9e28a4f359182d843b264e,-80.577366,28.5618571
42,2017-09-07,Falcon 9,6104.952055,LEO,CCSFS SLC 40,True RTLS,1,True,False,True,5e9e3032383ecb267a34e7c7,5.0,1,5e9e28a4f3591845123b264f,-80.577366,28.5618571
43,2017-10-09,Falcon 9,6104.952055,LEO,CCSFS SLC 40,True ASDS,1,True,False,True,5e9e3033383ecbb9e534e7cc,5.0,1,5e9e28a4f3591843103b2650,-80.577366,28.5618571
44,2017-10-11,Falcon 9,6104.952055,LEO,CCSFS SLC 40,True ASDS,2,True,True,True,5e9e3032383ecb6bb234e7ca,5.0,1,5e9e28a3f3591829dc3b2646,-80.577366,28.5618571
45,2017-10-30,Falcon 9,6104.952055,LEO,CCSFS SLC 40,True ASDS,1,True,False,True,5e9e3032383ecb6bb234e7ca,5.0,1,5e9e28a4f359185cc03b2651,-80.577366,28.5618571
46,2017-12-15,Falcon 9,6104.952055,LEO,CCSFS SLC 40,True RTLS,2,True,True,True,5e9e3032383ecb267a34e7c7,5.0,1,5e9e28a3f3591856803b264a,-80.577366,28.5618571
47,2017-12-23,Falcon 9,6104.952055,LEO,CCSFS SLC 40,True Ocean,2,True,True,False,,5.0,1,5e9e28a3f3591801cf3b264b,-80.577366,28.5618571
48,2018-01-08,Falcon 9,6104.952055,LEO,CCSFS SLC 40,True RTLS,1,True,False,True,5e9e3032383ecb267a34e7c7,5.0,1,5e9e28a4f35918345e3b2652,-80.577366,28.5618571
49,2018-01-31,Falcon 9,6104.952055,LEO,CCSFS SLC 40,True Ocean,2,True,True,True,,5.0,1,5e9e28a3f3591811f83b2648,-80.577366,28.5618571
50,2018-03-06,Falcon 9,6104.952055,LEO,CCSFS SLC 40,None None,1,True,False,True,,5.0,1,5e9e28a5f359186cb73b2654,-80.577366,28.5618571
51,2018-03-30,Falcon 9,6104.952055,LEO,CCSFS SLC 40,None None,2,True,True,True,,5.0,1,5e9e28a4f3591843103b2650,-80.577366,28.5618571
52,2018-04-02,Falcon 9,6104.952055,LEO,CCSFS SLC 40,None None,2,True,True,True,,5.0,1,5e9e28a4f3591884ee3b264d,-80.577366,28.5618571
53,2018-04-18,Falcon 9,6104.952055,LEO,CCSFS SLC 40,True ASDS,1,True,False,True,5e9e3032383ecb6bb234e7ca,5.0,1,5e9e28a5f35918863d3b2655,-80.577366,28.5618571
54,2018-05-11,Falcon 9,6104.952055,LEO,CCSFS SLC 40,True ASDS,1,True,False,True,5e9e3032383ecb6bb234e7ca,5.0,1,5e9e28a5f359182b023b2656,-80.577366,28.5618571
55,2018-06-04,Falcon 9,6104.952055,LEO,CCSFS SLC 40,None None,2,False,True,False,,5.0,1,5e9e28a4f3591845123b264f,-80.577366,28.5618571
56,2018-06-29,Falcon 9,6104.952055,LEO,CCSFS SLC 40,None None,2,False,True,False,,5.0,1,5e9e28a5f35918863d3b2655,-80.577366,28.5618571
57,2018-07-22,Falcon 9,6104.952055,LEO,CCSFS SLC 40,True ASDS,1,True,False,True,5e9e3032383ecb6bb234e7ca,5.0,1,5e9e28a5f359181eed3b2657,-80.577366,28.5618571
58,2018-07-25,Falcon 9,6104.952055,LEO,CCSFS SLC 40,True ASDS,1,True,False,True,5e9e3033383ecbb9e534e7cc,5.0,1,5e9e28a5f3591809c03b2658,-80.577366,28.5618571
59,2018-08-07,Falcon 9,6104.952055,LEO,CCSFS SLC 40,True ASDS,2,True,True,True,5e9e3032383ecb6bb234e7ca,5.0,1,5e9e28a5f359182b023b2656,-80.577366,28.5618571
60,2018-09-10,Falcon 9,6104.952055,LEO,CCSFS SLC 40,True ASDS,1,True,False,True,5e9e3032383ecb6bb234e7ca,5.0,1,5e9e28a5f3591833b13b2659,-80.577366,28.5618571
61,2018-10-08,Falcon 9,6104.952055,LEO,CCSFS SLC 40,True RTLS,2,True,True,True,5e9e3032383ecb554034e7c9,5.0,1,5e9e28a5f3591809c03b2658,-80.577366,28.5618571
62,2018-11-15,Falcon 9,6104.952055,LEO,CCSFS SLC 40,True ASDS,2,True,True,True,5e9e3032383ecb6bb234e7ca,5.0,1,5e9e28a5f359181eed3b2657,-80.577366,28.5618571
63,2018-12-03,Falcon 9,6104.952055,LEO,CCSFS SLC 40,True ASDS,3,True,True,True,5e9e3033383ecbb9e534e7cc,5.0,1,5e9e28a5f359182b023b2656,-80.577366,28.5618571
64,2018-12-05,Falcon 9,6104.952055,LEO,CCSFS SLC 40,False RTLS,1,True,False,True,5e9e3032383ecb267a34e7c7,5.0,1,5e9e28a6f359185c603b265a,-80.577366,28.5618571
65,2018-12-23,Falcon 9,6104.952055,LEO,CCSFS SLC 40,None None,1,False,False,False,,5.0,1,5e9e28a6f35918513b3b265b,-80.577366,28.5618571
66,2019-01-11,Falcon 9,6104.952055,LEO,CCSFS SLC 40,True ASDS,2,True,True,True,5e9e3033383ecbb9e534e7cc,5.0,1,5e9e28a5f3591833b13b2659,-80.577366,28.5618571
67,2019-03-02,Falcon 9,6104.952055,LEO,CCSFS SLC 40,True ASDS,1,True,False,True,5e9e3032383ecb6bb234e7ca,5.0,1,5e9e28a6f35918c0803b265c,-80.577366,28.5618571
68,2019-05-04,Falcon 9,6104.952055,LEO,CCSFS SLC 40,True ASDS,1,True,False,True,5e9e3032383ecb6bb234e7ca,5.0,1,5e9e28a7f3591809313b2660,-80.577366,28.5618571
69,2019-05-24,Falcon 9,6104.952055,LEO,CCSFS SLC 40,True ASDS,3,True,True,True,5e9e3032383ecb6bb234e7ca,5.0,1,5e9e28a5f3591833b13b2659,-80.577366,28.5618571
70,2019-06-12,Falcon 9,6104.952055,LEO,CCSFS SLC 40,True RTLS,2,True,True,True,5e9e3032383ecb554034e7c9,5.0,1,5e9e28a6f35918c0803b265c,-80.577366,28.5618571
71,2019-07-25,Falcon 9,6104.952055,LEO,CCSFS SLC 40,True RTLS,2,True,True,True,5e9e3032383ecb267a34e7c7,5.0,1,5e9e28a7f3591809313b2660,-80.577366,28.5618571
72,2019-08-06,Falcon 9,6104.952055,LEO,CCSFS SLC 40,None None,3,False,True,False,,5.0,1,5e9e28a5f359181eed3b2657,-80.577366,28.5618571
73,2019-11-11,Falcon 9,6104.952055,LEO,CCSFS SLC 40,True ASDS,4,True,True,True,5e9e3032383ecb6bb234e7ca,5.0,1,5e9e28a5f3591809c03b2658,-80.577366,28.5618571
74,2019-12-05,Falcon 9,6104.952055,LEO,CCSFS SLC 40,True ASDS,1,True,False,True,5e9e3032383ecb6bb234e7ca,5.0,1,5e9e28a7f359187afd3b2662,-80.577366,28.5618571
75,2019-12-17,Falcon 9,6104.952055,LEO,CCSFS SLC 40,True ASDS,3,True,True,True,5e9e3032383ecb6bb234e7ca,5.0,1,5e9e28a7f3591809313b2660,-80.577366,28.5618571
76,2020-01-07,Falcon 9,6104.952055,LEO,CCSFS SLC 40,True ASDS,4,True,True,True,5e9e3032383ecb6bb234e7ca,5.0,1,5e9e28a5f3591833b13b2659,-80.577366,28.5618571
77,2020-01-19,Falcon 9,6104.952055,LEO,CCSFS SLC 40,None None,4,False,True,False,,5.0,1,5e9e28a5f359182b023b2656,-80.577366,28.5618571
78,2020-01-29,Falcon 9,6104.952055,LEO,CCSFS SLC 40,True ASDS,3,True,True,True,5e9e3032383ecb6bb234e7ca,5.0,1,5e9e28a6f35918c0803b265c,-80.577366,28.5618571
79,2020-02-17,Falcon 9,6104.952055,LEO,CCSFS SLC 40,False ASDS,4,True,True,True,5e9e3032383ecb6bb234e7ca,5.0,1,5e9e28a7f3591809313b2660,-80.577366,28.5618571
80,2020-03-07,Falcon 9,6104.952055,LEO,CCSFS SLC 40,True RTLS,2,True,True,True,5e9e3032383ecb267a34e7c7,5.0,1,5e9e28a7f359187afd3b2662,-80.577366,28.5618571
81,2020-03-18,Falcon 9,6104.952055,LEO,CCSFS SLC 40,False ASDS,5,True,True,True,5e9e3032383ecb6bb234e7ca,5.0,1,5e9e28a5f3591809c03b2658,-80.577366,28.5618571
82,2020-04-22,Falcon 9,6104.952055,LEO,CCSFS SLC 40,True ASDS,4,True,True,True,5e9e3032383ecb6bb234e7ca,5.0,1,5e9e28a6f35918c0803b265c,-80.577366,28.5618571
83,2020-05-30,Falcon 9,6104.952055,LEO,CCSFS SLC 40,True ASDS,1,True,False,True,5e9e3032383ecb6bb234e7ca,5.0,1,5e9e28a7f3591817f23b2663,-80.577366,28.5618571
84,2020-06-04,Falcon 9,6104.952055,LEO,CCSFS SLC 40,True ASDS,5,True,True,True,5e9e3033383ecbb9e534e7cc,5.0,1,5e9e28a5f3591833b13b2659,-80.577366,28.5618571
85,2020-06-13,Falcon 9,6104.952055,LEO,CCSFS SLC 40,True ASDS,3,True,True,True,5e9e3032383ecb6bb234e7ca,5.0,1,5e9e28a7f359187afd3b2662,-80.577366,28.5618571
86,2020-06-30,Falcon 9,6104.952055,LEO,CCSFS SLC 40,True ASDS,1,True,False,True,5e9e3033383ecbb9e534e7cc,5.0,1,5ef670f10059c33cee4a826c,-80.577366,28.5618571
87,2020-07-20,Falcon 9,6104.952055,LEO,CCSFS SLC 40,True ASDS,2,True,True,True,5e9e3033383ecbb9e534e7cc,5.0,1,5e9e28a7f3591817f23b2663,-80.577366,28.5618571
88,2020-08-18,Falcon 9,6104.952055,LEO,CCSFS SLC 40,True ASDS,6,True,True,True,5e9e3032383ecb6bb234e7ca,5.0,1,5e9e28a5f3591833b13b2659,-80.577366,28.5618571
89,2020-08-30,Falcon 9,6104.952055,LEO,CCSFS SLC 40,True RTLS,4,True,True,True,5e9e3032383ecb267a34e7c7,5.0,1,5e9e28a7f359187afd3b2662,-80.577366,28.5618571
90,2020-09-03,Falcon 9,6104.952055,LEO,CCSFS SLC 40,True ASDS,2,True,True,True,5e9e3032383ecb6bb234e7ca,5.0,1,5ef670f10059c33cee4a826c,-80.577366,28.5618571
91,2020-10-06,Falcon 9,6104.952055,LEO,CCSFS SLC 40,True ASDS,3,True,True,True,5e9e3032383ecb6bb234e7ca,5.0,1,5e9e28a7f3591817f23b2663,-80.577366,28.5618571
92,2020-10-18,Falcon 9,6104.952055,LEO,CCSFS SLC 40,True ASDS,6,True,True,True,5e9e3032383ecb6bb234e7ca,5.0,1,5e9e28a6f35918c0803b265c,-80.577366,28.5618571
93,2020-10-24,Falcon 9,6104.952055,LEO,CCSFS SLC 40,True ASDS,3,True,True,True,5e9e3033383ecbb9e534e7cc,5.0,1,5ef670f10059c33cee4a826c,-80.577366,28.5618571
94,2020-11-05,Falcon 9,6104.952055,LEO,CCSFS SLC 40,True ASDS,1,True,False,True,5e9e3032383ecb6bb234e7ca,5.0,1,5f57c5440622a633027900a0,-80.577366,28.5618571
